"time","{FMU2}.FMU2Instance.fk","{FMU}.FMUInstance.x1","{FMU}.FMUInstance.v1"
0,-6e+006,1,0
0.001,-6e+006,1,-6000
0.002,-6e+006,1,-11994
0.003,3e+007,1,-17982
0.004,1.01928e+008,1,12036
0.005,-6.28793e+006,1,113952
0.006,-7.25856e+008,1,107550
0.007,-1.40626e+009,1,-618413
0.008,2.26984e+009,1,-2.02405e+006
0.009,1.43761e+010,1,247811
0.01,1.28392e+010,1,1.46237e+007
0.011,-7.49515e+010,1,2.74482e+007
0.012,-2.39602e+011,1,-4.75307e+007
0.013,4.57868e+010,1,-2.87085e+008
0.014,1.76821e+012,1,-2.41011e+008
0.015,3.21248e+012,1,1.52745e+009
0.016,-5.95544e+012,1,4.7384e+009
0.017,-3.43799e+013,1,-1.22179e+009
0.018,-2.70148e+013,1,-3.56005e+010
0.019,1.86615e+014,1,-6.25797e+010
0.02,5.61907e+014,1,1.24098e+011
0.021,-1.83242e+014,1,6.8588e+011
0.022,-4.29834e+015,1,5.01952e+011
0.023,-7.30575e+015,1,-3.79689e+012
0.024,1.54829e+016,1,-1.10989e+013
0.025,8.20605e+016,1,4.39515e+012
0.026,5.56075e+016,1,8.64513e+013
0.027,-4.63156e+017,1,1.41972e+014
0.028,-1.31453e+018,1,-3.21326e+014
0.029,6.1474e+017,1,-1.63553e+015
0.03,1.04273e+019,1,-1.01916e+015
0.031,1.65318e+019,1,9.40918e+015
0.032,-3.99398e+019,1,2.59316e+016
0.033,-1.95489e+020,1,-1.40341e+016
0.034,-1.11089e+020,1,-2.0951e+017
0.035,1.14608e+021,1,-3.20389e+017
0.036,3.06727e+021,1,8.26011e+017
0.037,-1.89186e+021,1,3.89245e+018
0.038,-2.52447e+022,1,1.9967e+018
0.039,-3.71996e+022,1,-2.325e+019
0.04,1.02338e+023,1,-6.04264e+019
0.041,4.64794e+023,1,4.19716e+019
0.042,2.12499e+023,1,5.06723e+020
0.043,-2.82805e+024,1,7.18716e+020
0.044,-7.13752e+024,1,-2.11006e+021
0.045,5.52996e+024,1,-9.24547e+021
0.046,6.09972e+025,1,-3.70626e+021
0.047,8.31738e+025,1,5.72947e+022
0.048,-2.60677e+026,1,1.40411e+023
0.049,-1.10288e+027,1,-1.20407e+023
0.05,-3.79341e+026,1,-1.22317e+024
0.051,6.96006e+027,1,-1.60129e+024
0.052,1.65608e+028,1,5.36037e+024
0.053,-1.5618e+028,1,2.19158e+025
0.054,-1.47097e+029,1,6.27595e+024
0.055,-1.84606e+029,1,-1.40828e+026
0.056,6.60545e+029,1,-3.25293e+026
0.057,2.61164e+030,1,3.35578e+026
0.058,5.95565e+029,1,2.94689e+027
0.059,-1.70863e+031,1,3.5395e+027
0.06,-3.83063e+031,1,-1.35504e+028
0.061,4.30343e+031,1,-5.18431e+028
0.062,3.5405e+032,1,-8.75695e+027
0.063,4.06238e+032,1,3.45302e+029
0.064,-1.66598e+033,1,7.51194e+029
0.065,-6.17148e+033,1,-9.15537e+029
0.066,-6.72086e+032,1,-7.0861e+030
0.067,4.18452e+034,1,-7.7511e+030
0.068,8.831e+034,1,3.41019e+031
0.069,-1.16389e+035,1,1.22378e+032
0.07,-8.50539e+035,1,5.86587e+030
0.071,-8.84884e+035,1,-8.4468e+032
0.072,4.18408e+036,1,-1.72872e+033
0.073,1.45522e+037,1,2.45709e+033
0.074,-2.04875e+035,1,1.70068e+034
0.075,-1.02246e+038,1,1.6785e+034
0.076,-2.02853e+038,1,-8.54776e+034
0.077,3.10215e+038,1,-2.88245e+035
0.078,2.03938e+039,1,2.22579e+034
0.079,1.90379e+039,1,2.06161e+036
0.08,-1.04678e+040,1,3.96334e+036
0.081,-3.42374e+040,1,-6.50842e+036
0.082,4.84735e+039,1,-4.07393e+037
0.083,2.49278e+041,1,-3.58512e+037
0.084,4.64136e+041,1,2.13463e+038
0.085,-8.17106e+041,1,6.77386e+038
0.086,-4.8806e+042,1,-1.40397e+038
0.087,-4.03334e+042,1,-5.02086e+039
0.088,2.60959e+043,1,-9.04918e+039
0.089,8.03648e+043,1,1.70557e+040
0.09,-2.20499e+043,1,9.74035e+040
0.091,-6.06449e+044,1,7.52562e+040
0.092,-1.05738e+045,1,-5.31268e+041
0.093,2.13129e+045,1,-1.58812e+042
0.094,1.16579e+046,1,5.44759e+041
0.095,8.37764e+045,1,1.22021e+043
0.096,-6.48432e+046,1,2.05675e+043
0.097,-1.88183e+047,1,-4.42962e+043
0.098,7.77821e+046,1,-2.32435e+044
0.099,1.47232e+048,1,-1.54421e+044
0.1,2.39737e+048,1,1.31805e+045
0.101,-5.51333e+048,1,3.7141e+045
0.102,-2.77924e+049,1,-1.80294e+045
0.103,-1.6947e+049,1,-2.95936e+046
0.104,1.60631e+050,1,-4.6511e+046
0.105,4.39537e+050,1,1.14167e+047
0.106,-2.45905e+050,1,5.53589e+047
0.107,-3.5672e+051,1,3.07131e+047
0.108,-5.40641e+051,1,-3.26037e+048
0.109,1.41612e+052,1,-8.66353e+048
0.11,6.61282e+052,1,5.50637e+048
0.111,3.30239e+052,1,7.16291e+049
0.112,-3.96784e+053,1,1.04581e+050
0.113,-1.02388e+054,1,-2.92307e+050
0.114,7.30991e+053,1,-1.31589e+051
0.115,8.6256e+054,1,-5.83583e+050
0.116,1.21185e+055,1,8.0426e+051
0.117,-3.61493e+055,1,2.0153e+052
0.118,-1.57031e+056,1,-1.60164e+052
0.119,-6.0776e+055,1,-1.73032e+053
0.12,9.77475e+056,1,-2.33635e+053
0.121,2.37831e+057,1,7.44074e+053
0.122,-2.08852e+057,1,3.12164e+054
0.123,-2.08162e+058,1,1.03e+054
0.124,-2.69754e+058,1,-1.97873e+055
0.125,9.17753e+058,1,-4.67429e+055
0.126,3.72141e+059,1,4.50791e+055
0.127,1.01294e+059,1,4.17175e+056
0.128,-2.40186e+060,1,5.18052e+056
0.129,-5.50777e+060,1,-1.88432e+057
0.13,5.80368e+060,1,-7.39021e+057
0.131,5.01391e+061,1,-1.57913e+057
0.132,5.95638e+061,1,4.85616e+058
0.133,-2.31865e+062,1,1.08077e+059
0.134,-8.80094e+062,1,-1.23897e+059
0.135,-1.35835e+062,1,-1.00387e+060
0.136,5.8875e+063,1,-1.1387e+060
0.137,1.27138e+064,1,4.74995e+060
0.138,-1.57986e+064,1,1.7459e+061
0.139,-1.20537e+065,1,1.64296e+060
0.14,-1.30274e+065,1,-1.18896e+062
0.141,5.83229e+065,1,-2.49051e+062
0.142,2.07695e+066,1,3.34428e+062
0.143,6.83065e+064,1,2.41104e+063
0.144,-1.4398e+067,1,2.47694e+063
0.145,-2.92453e+067,1,-1.19236e+064
0.146,4.23254e+067,1,-4.11569e+064
0.147,2.89224e+068,1,1.20963e+063
0.148,2.81677e+068,1,2.90433e+065
0.149,-1.4612e+069,1,5.7182e+065
0.15,-4.89066e+069,1,-8.89954e+065
0.151,4.53953e+068,1,-5.77973e+066
0.152,3.51319e+070,1,-5.31999e+066
0.153,6.70167e+070,1,2.98172e+067
0.154,-1.11953e+071,1,9.68041e+067
0.155,-6.92666e+071,1,-1.52462e+067
0.156,-6.00496e+071,1,-7.07897e+068
0.157,3.64749e+072,1,-1.30769e+069
0.158,1.14899e+073,1,2.34111e+069
0.159,-2.5682e+072,1,1.38287e+070
0.16,-8.55379e+073,1,1.12467e+070
0.161,-1.52933e+074,1,-7.43025e+070
0.162,2.93035e+074,1,-2.27161e+071
0.163,1.65571e+075,1,6.61019e+070
0.164,1.25744e+075,1,1.72174e+072
0.165,-9.07428e+075,1,2.97746e+072
0.166,-2.693e+076,1,-6.09979e+072
0.167,9.69572e+075,1,-3.30237e+073
0.168,2.07828e+077,1,-2.32949e+073
0.169,3.4739e+077,1,1.84556e+074
0.17,-7.60296e+077,1,5.31762e+074
0.171,-3.95011e+078,1,-2.29066e+074
0.172,-2.57176e+078,1,-4.17894e+075
0.173,2.25045e+079,1,-6.74652e+075
0.174,6.29611e+079,1,1.57647e+076
0.175,-3.16901e+079,1,7.87101e+076
0.176,-5.03919e+080,1,4.69413e+076
0.177,-7.85063e+080,1,-4.57025e+077
0.178,1.95787e+081,1,-1.24163e+078
0.179,9.40569e+081,1,7.17482e+077
0.18,5.0914e+081,1,1.01225e+079
0.181,-5.56485e+082,1,1.52037e+079
0.182,-1.46815e+083,1,-4.04599e+079
0.183,9.60912e+082,1,-1.87235e+080
0.184,1.2194e+084,1,-9.09563e+079
0.185,1.76392e+084,1,1.12854e+081
0.186,-5.00907e+084,1,2.89133e+081
0.187,-2.23521e+085,1,-2.12063e+081
0.188,-9.60591e+084,1,-2.44706e+082
0.189,1.37227e+086,1,-3.4052e+082
0.19,3.41402e+086,1,1.03209e+083
0.191,-2.78195e+086,1,4.44508e+083
0.192,-2.94496e+087,1,1.65869e+083
0.193,-3.93723e+087,1,-2.77926e+084
0.194,1.27423e+088,1,-6.71371e+084
0.195,5.30118e+088,1,6.03527e+084
0.196,1.67472e+088,1,5.90411e+085
0.197,-3.37516e+089,1,7.57292e+085
0.198,-7.91554e+089,1,-2.61863e+086
0.199,7.80414e+089,1,-1.05315e+087
0.2,7.09856e+090,1,-2.71688e+086
0.201,8.72159e+090,1,6.82715e+087
0.202,-3.225e+091,1,1.55419e+088
0.203,-1.25469e+092,1,-1.67236e+088
0.204,-2.50019e+091,1,-1.42176e+089
0.205,8.2808e+092,1,-1.67036e+089
0.206,1.82947e+093,1,6.61211e+089
0.207,-2.13963e+093,1,2.49002e+090
0.208,-1.70776e+094,1,3.47896e+089
0.209,-1.91479e+094,1,-1.673e+091
0.21,8.12515e+094,1,-3.58612e+091
0.211,2.96338e+095,1,4.54262e+091
0.212,2.3484e+094,1,3.41718e+092
0.213,-2.02685e+096,1,3.64861e+092
0.214,-4.21399e+096,1,-1.66235e+093
0.215,5.76435e+096,1,-5.87468e+093
0.216,4.10067e+097,1,-1.04452e+092
0.217,4.15924e+097,1,4.09023e+094
0.218,-2.03863e+098,1,8.24538e+094
0.219,-6.98382e+098,1,-1.21492e+095
0.22,3.12675e+097,1,-8.19753e+095
0.221,4.94975e+099,1,-7.87665e+095
0.222,9.6708e+099,1,4.16288e+096
0.223,-1.53161e+100,1,1.38295e+097
0.224,-9.82779e+100,1,-1.50045e+096
0.225,-8.91769e+100,1,-9.97768e+097
0.226,5.09573e+101,1,-1.88854e+098
0.227,1.64219e+102,1,3.20908e+098
0.228,-2.84904e+101,1,1.96278e+099
0.229,-1.20613e+103,1,1.67591e+099
0.23,-2.21047e+103,1,-1.0387e+100
0.231,4.02397e+103,1,-3.24813e+100
0.232,2.35087e+104,1,7.79086e+099
0.233,1.88107e+104,1,2.4287e+101
0.234,-1.2693e+105,1,4.30735e+101
0.235,-3.85244e+105,1,-8.39e+101
0.236,1.18541e+105,1,-4.6906e+102
0.237,2.93278e+106,1,-3.5005e+102
0.238,5.03015e+106,1,2.58309e+103
0.239,-1.04734e+107,1,7.61066e+103
0.24,-5.61269e+107,1,-2.87034e+103
0.241,-3.88487e+107,1,-5.89943e+104
0.242,3.15156e+108,1,-9.7784e+104
0.243,9.01545e+108,1,2.1747e+105
0.244,-4.04176e+108,1,1.1188e+106
0.245,-7.11656e+109,1,7.13503e+105
0.246,-1.13905e+110,1,-6.40377e+106
0.247,2.70436e+110,1,-1.77878e+107
0.248,1.33743e+111,1,9.27353e+106
0.249,7.79686e+110,1,1.43008e+108
0.25,-7.80156e+111,1,2.20833e+108
0.251,-2.10438e+112,1,-5.59544e+108
0.252,1.25499e+112,1,-2.66336e+109
0.253,1.72339e+113,1,-1.40571e+109
0.254,2.56509e+113,1,1.58296e+110
0.255,-6.93523e+113,1,4.14647e+110
0.256,-3.18071e+114,1,-2.79291e+110
0.257,-1.50178e+114,1,-3.45972e+111
0.258,1.92581e+115,1,-4.95805e+111
0.259,4.89871e+115,1,1.4305e+112
0.26,-3.68918e+115,1,6.32778e+112
0.261,-4.16521e+116,1,2.63227e+112
0.262,-5.74041e+116,1,-3.90225e+113
0.263,1.76788e+117,1,-9.63876e+113
0.264,7.54937e+117,1,8.04971e+113
0.265,2.71199e+117,1,8.35354e+114
0.266,-4.7412e+118,1,1.10572e+115
0.267,-1.13708e+119,1,-3.63658e+115
0.268,1.04601e+119,1,-1.50037e+116
0.269,1.00472e+120,1,-4.52859e+115
0.27,1.27543e+120,1,9.59479e+116
0.271,-4.48272e+120,1,2.23395e+117
0.272,-1.78819e+121,1,-2.251e+117
0.273,-4.35803e+120,1,-2.01307e+118
0.274,1.1643e+122,1,-2.44686e+118
0.275,2.63126e+122,1,9.19863e+118
0.276,-2.89056e+122,1,3.5502e+119
0.277,-2.41889e+123,1,6.56093e+118
0.278,-2.81012e+123,1,-2.35334e+120
0.279,1.13127e+124,1,-5.16111e+120
0.28,4.22681e+124,1,6.1568e+120
0.281,5.28507e+123,1,4.84188e+121
0.282,-2.85233e+125,1,5.36554e+121
0.283,-6.0688e+125,1,-2.31631e+122
0.284,7.83513e+125,1,-8.3828e+122
0.285,5.81241e+126,1,-5.39279e+121
0.286,6.13016e+126,1,5.75853e+123
0.287,-2.84272e+127,1,1.18829e+124
0.288,-9.96964e+127,1,-1.65561e+124
0.289,-2.59951e+125,1,-1.16236e+125
0.29,6.97156e+128,1,-1.1638e+125
0.291,1.39474e+129,1,5.80893e+125
0.292,-2.09202e+129,1,1.97505e+126
0.293,-1.39402e+130,1,-1.18941e+125
0.294,-1.32126e+130,1,-1.4059e+127
0.295,7.11548e+130,1,-2.72576e+127
0.296,2.34629e+131,1,4.39245e+127
0.297,-2.91522e+130,1,2.7851e+128
0.298,-1.70018e+132,1,2.49079e+128
0.299,-3.19296e+132,1,-1.45135e+129
0.3,5.51835e+132,1,-4.64286e+129
0.301,3.337e+133,1,8.80136e+128
0.302,2.80558e+133,1,3.42493e+130
0.303,-1.77468e+134,1,6.22708e+130
0.304,-5.50915e+134,1,-1.15259e+131
0.305,1.41191e+134,1,-6.66059e+131
0.306,4.13741e+135,1,-5.24202e+131
0.307,7.27848e+135,1,3.61373e+132
0.308,-1.44112e+136,1,1.08886e+133
0.309,-7.97283e+136,1,-3.53347e+132
0.31,-5.84478e+136,1,-8.32583e+133
0.311,4.4116e+137,1,-1.41623e+134
0.312,1.29046e+138,1,2.99679e+134
0.313,-5.08909e+137,1,1.58984e+135
0.314,-1.00474e+139,1,1.07934e+135
0.315,-1.65134e+139,1,-8.96916e+135
0.316,3.73181e+139,1,-2.54736e+136
0.317,1.90122e+140,1,1.187e+136
0.318,1.18712e+140,1,2.0198e+137
0.319,-1.09329e+141,1,3.20491e+137
0.32,-3.01514e+141,1,-7.73119e+137
0.321,1.62659e+141,1,-3.78749e+138
0.322,2.43499e+142,1,-2.15711e+138
0.323,3.72682e+142,1,2.21949e+139
0.324,-9.59387e+142,1,5.94409e+139
0.325,-4.52488e+143,1,-3.65572e+139
0.326,-2.32693e+143,1,-4.89009e+140
0.327,2.70159e+144,1,-7.21213e+140
0.328,7.02617e+144,1,1.9811e+141
0.329,-4.86748e+144,1,9.00529e+141
0.33,-5.88944e+145,1,4.12881e+141
0.331,-8.36083e+145,1,-5.47697e+142
0.332,2.45093e+146,1,-1.38323e+143
0.333,1.07479e+147,1,1.06909e+143
0.334,4.32262e+146,1,1.18159e+144
0.335,-6.65771e+147,1,1.61267e+144
0.336,-1.63271e+148,1,-5.04665e+144
0.337,1.39692e+148,1,-2.13687e+145
0.338,1.42167e+149,1,-7.37814e+144
0.339,1.86294e+149,1,1.34797e+146
0.34,-6.22672e+149,1,3.20956e+146
0.341,-2.54778e+150,1,-3.02037e+146
0.342,-7.33014e+149,1,-2.84952e+147
0.343,1.63648e+151,1,-3.57968e+147
0.344,3.78266e+151,1,1.27887e+148
0.345,-3.89436e+151,1,5.06025e+148
0.346,-3.4252e+152,1,1.16083e+148
0.347,-4.11827e+152,1,-3.30923e+149
0.348,1.57412e+153,1,-7.42419e+149
0.349,6.02707e+153,1,8.32448e+149
0.35,1.02635e+153,1,6.85868e+150
0.351,-4.01268e+154,1,7.87818e+150
0.352,-8.73557e+154,1,-3.22565e+151
0.353,1.0627e+155,1,-1.1958e+152
0.354,8.23644e+155,1,-1.31898e+151
0.355,9.01959e+155,1,8.10467e+152
0.356,-3.96175e+156,1,1.71162e+153
0.357,-1.42275e+157,1,-2.25184e+153
0.358,-7.02197e+155,1,-1.64771e+154
0.359,9.81609e+157,1,-1.71628e+154
0.36,2.0104e+158,1,8.10153e+154
0.361,-2.85253e+158,1,2.81974e+155
0.362,-1.97681e+159,1,-3.56161e+153
0.363,-1.95347e+159,1,-1.98037e+156
0.364,9.93071e+159,1,-3.93186e+156
0.365,3.35119e+160,1,6.00279e+156
0.366,-2.53832e+159,1,3.95087e+157
0.367,-2.39588e+161,1,3.69309e+157
0.368,-4.60934e+161,1,-2.02694e+158
0.369,7.55692e+161,1,-6.63425e+158
0.37,4.73549e+162,1,9.29304e+157
0.371,4.17317e+162,1,4.82832e+159
0.372,-2.4801e+163,1,8.99667e+159
0.373,-7.87561e+163,1,-1.58133e+160
0.374,1.62023e+163,1,-9.45536e+160
0.375,5.83508e+164,1,-7.82567e+160
0.376,1.05246e+165,1,5.0533e+161
0.377,-1.98056e+165,1,1.55729e+162
0.378,-1.13223e+166,1,-4.24833e+161
0.379,-8.762e+165,1,-1.17467e+163
0.38,6.17271e+166,1,-2.0497e+163
0.381,1.84647e+167,1,4.12507e+163
0.382,-6.30413e+166,1,2.25857e+164
0.383,-1.41812e+168,1,1.6259e+164
0.384,-2.39224e+168,1,-1.25569e+165
0.385,5.14431e+168,1,-3.64668e+165
0.386,2.70192e+169,1,1.50128e+165
0.387,1.79845e+169,1,2.8519e+166
0.388,-1.53147e+170,1,4.6475e+166
0.389,-4.31844e+170,1,-1.06719e+167
0.39,2.08901e+170,1,-5.38457e+167
0.391,3.43943e+171,1,-3.29017e+167
0.392,5.41009e+171,1,3.11074e+168
0.393,-1.32598e+172,1,8.51773e+168
0.394,-6.43529e+172,1,-4.75058e+168
0.395,-3.57851e+172,1,-6.90987e+169
0.396,3.78843e+173,1,-1.04815e+170
0.397,1.00735e+174,1,2.74133e+170
0.398,-6.38454e+173,1,1.28121e+171
0.399,-8.32509e+174,1,6.41476e+170
0.4,-1.21656e+175,1,-7.68425e+171
0.401,3.39521e+175,1,-1.98422e+172
0.402,1.52971e+176,1,1.41297e+172
0.403,6.80399e+175,1,1.67087e+173
0.404,-9.34549e+176,1,2.3496e+173
0.405,-2.34337e+177,1,-6.99825e+173
0.406,1.85792e+177,1,-3.0425e+174
0.407,2.01111e+178,1,-1.18154e+174
0.408,2.71802e+178,1,1.89307e+175
0.409,-8.64312e+178,1,4.60919e+175
0.41,-3.62896e+179,1,-4.03854e+175
0.411,-1.20221e+179,1,-4.03241e+176
0.412,2.29935e+180,1,-5.23059e+176
0.413,5.43541e+180,1,1.77681e+177
0.414,-5.2309e+180,1,7.21044e+177
0.415,-4.84883e+181,1,1.97233e+177
0.416,-6.02738e+181,1,-4.6518e+178
0.417,2.18894e+182,1,-1.06745e+179
0.418,8.59147e+182,1,1.12256e+179
0.419,1.84753e+182,1,9.71291e+179
0.42,-5.64318e+183,1,1.15507e+180
0.421,-1.2568e+184,1,-4.48926e+180
0.422,1.43802e+184,1,-1.70527e+181
0.423,1.16682e+185,1,-2.65553e+180
0.424,1.32499e+185,1,1.14029e+182
0.425,-5.5181e+185,1,2.46414e+182
0.426,-2.02974e+186,1,-3.05642e+182
0.427,-1.93858e+185,1,-2.33508e+183
0.428,1.38168e+187,1,-2.5266e+183
0.429,2.89626e+187,1,1.12927e+184
0.43,-3.88228e+187,1,4.02441e+184
0.431,-2.80248e+188,1,1.38103e+183
0.432,-2.88254e+188,1,-2.78869e+185
0.433,1.38525e+189,1,-5.66844e+185
0.434,4.78493e+189,1,8.18969e+185
0.435,-1.33675e+188,1,5.60308e+186
0.436,-3.3752e+190,1,5.4638e+186
0.437,-6.65011e+190,1,-2.82937e+187
0.438,1.03327e+191,1,-9.47664e+187
0.439,6.71823e+191,1,8.65584e+186
0.44,6.19216e+191,1,6.8047e+188
0.441,-3.46422e+192,1,1.29901e+189
0.442,-1.12548e+193,1,-2.16652e+189
0.443,1.75557e+192,1,-1.34191e+190
0.444,8.22687e+193,1,-1.16502e+190
0.445,1.52087e+194,1,7.06302e+190
0.446,-2.71846e+194,1,2.22647e+191
0.447,-1.60746e+195,1,-4.94216e+190
0.448,-1.30932e+195,1,-1.65683e+192
0.449,8.63296e+195,1,-2.96449e+192
0.45,2.64113e+196,1,5.67144e+192
0.451,-7.64376e+195,1,3.2077e+193
0.452,-2.00098e+197,1,2.44012e+193
0.453,-3.46305e+197,1,-1.75722e+194
0.454,7.0837e+197,1,-5.21851e+194
0.455,3.83877e+198,1,1.87041e+194
0.456,2.71269e+198,1,4.02562e+195
0.457,-2.14438e+199,1,6.73429e+195
0.458,-6.1828e+199,1,-1.47162e+196
0.459,2.65311e+199,1,-7.65296e+196
0.46,4.85682e+200,1,-4.99219e+196
0.461,7.84728e+200,1,4.3581e+197
0.462,-1.83092e+201,1,1.2201e+198
0.463,-9.1497e+201,1,-6.12036e+197
0.464,-5.46833e+201,1,-9.76113e+198
0.465,5.31039e+202,1,-1.52197e+199
0.466,1.44369e+203,1,3.78994e+199
0.467,-8.31719e+202,1,1.82231e+200
0.468,-1.17647e+204,1,9.88764e+199
0.469,-1.76855e+204,1,-1.07769e+201
0.47,4.69938e+204,1,-2.84517e+201
0.471,2.17657e+205,1,1.85706e+201
0.472,1.06016e+205,1,2.36209e+202
0.473,-1.31134e+206,1,3.41989e+202
0.474,-3.36197e+206,1,-9.69698e+202
0.475,2.45958e+206,1,-4.3307e+203
0.476,2.84413e+207,1,-1.86678e+203
0.477,3.96135e+207,1,2.65764e+204
0.478,-1.19884e+208,1,6.61634e+204
0.479,-5.16745e+208,1,-5.37872e+204
0.48,-1.93505e+208,1,-5.70478e+205
0.481,3.22956e+209,1,-7.63412e+205
0.482,7.8068e+209,1,2.46691e+206
0.483,-7.00246e+209,1,1.02712e+207
0.484,-6.86229e+210,1,3.25851e+206
0.485,-8.81054e+210,1,-6.53677e+207
0.486,3.04189e+211,1,-1.53408e+208
0.487,1.22433e+212,1,1.50935e+208
0.488,3.17499e+211,1,1.37512e+209
0.489,-7.93351e+212,1,1.69124e+209
0.49,-1.8073e+213,1,-6.24396e+209
0.491,1.94088e+213,1,-2.43107e+210
0.492,1.65254e+214,1,-4.87758e+209
0.493,1.94354e+214,1,1.60381e+211
0.494,-7.68127e+214,1,3.54575e+211
0.495,-2.89481e+215,1,-4.13907e+211
0.496,-4.08471e+214,1,-3.3083e+212
0.497,1.94417e+216,1,-3.71346e+212
0.498,4.17031e+216,1,1.5732e+213
0.499,-5.27306e+216,1,5.74194e+213
0.5,-3.97194e+217,1,4.63133e+212
0.501,-4.24585e+217,1,-3.92567e+214
0.502,1.93124e+218,1,-8.1676e+214
0.503,6.82987e+218,1,1.1153e+215
0.504,1.31232e+217,1,7.94406e+215
0.505,-4.75333e+219,1,8.06735e+215
0.506,-9.58898e+219,1,-3.9474e+216
0.507,1.4105e+220,1,-1.35324e+217
0.508,9.52855e+220,1,5.86099e+215
0.509,9.16736e+220,1,9.5871e+217
0.51,-4.83644e+221,1,1.87449e+218
0.511,-1.60785e+222,1,-2.96383e+218
0.512,1.72052e+221,1,-1.90394e+219
0.513,1.15955e+223,1,-1.72998e+219
0.514,2.19638e+223,1,9.86727e+219
0.515,-3.72617e+223,1,3.18212e+220
0.516,-2.28152e+224,1,-5.47234e+219
0.517,-1.9509e+224,1,-2.33619e+221
0.518,1.20682e+225,1,-4.28475e+221
0.519,3.77646e+225,1,7.78772e+221
0.52,-8.99948e+224,1,4.55445e+222
0.521,-2.82258e+226,1,3.64995e+222
0.522,-5.00973e+226,1,-2.45795e+223
0.523,9.74297e+226,1,-7.46522e+223
0.524,5.45245e+227,1,2.28522e+223
0.525,4.07587e+227,1,5.68075e+224
0.526,-3.00127e+228,1,9.75094e+224
0.527,-8.84883e+228,1,-2.02715e+225
0.528,3.32293e+228,1,-1.0874e+226
0.529,6.85633e+229,1,-7.54015e+225
0.53,1.13736e+230,1,6.10307e+226
0.531,-2.52562e+230,1,1.74705e+227
0.532,-1.30054e+231,1,-7.80318e+226
0.533,-8.31051e+230,1,-1.3785e+228
0.534,7.44076e+231,1,-2.20817e+228
0.535,2.06823e+232,1,5.2348e+228
0.536,-1.07471e+232,1,2.59119e+229
0.537,-1.66208e+233,1,1.51388e+229
0.538,-2.56875e+233,1,-1.51084e+230
0.539,6.49887e+233,1,-4.07808e+230
0.54,3.09608e+234,1,2.42487e+230
0.541,1.63806e+234,1,3.33833e+231
0.542,-1.83935e+235,1,4.97305e+231
0.543,-4.82135e+235,1,-1.34255e+232
0.544,3.23875e+235,1,-6.16255e+232
0.545,4.02108e+236,1,-2.91764e+232
0.546,5.76764e+236,1,3.72961e+233
0.547,-1.66158e+237,1,9.49353e+233
0.548,-7.35603e+237,1,-7.13176e+233
0.549,-3.06962e+237,1,-8.0685e+234
0.55,4.53444e+238,1,-1.11301e+235
0.551,1.12079e+239,1,3.42255e+235
0.552,-9.33858e+238,1,1.46271e+236
0.553,-9.70917e+239,1,5.27386e+235
0.554,-1.28638e+240,1,-9.18231e+236
0.555,4.22429e+240,1,-2.20369e+237
0.556,1.74422e+241,1,2.02281e+237
0.557,5.28792e+240,1,1.9463e+238
0.558,-1.11495e+242,1,2.47315e+238
0.559,-2.59773e+242,1,-8.67887e+238
0.56,2.61219e+242,1,-3.46475e+239
0.561,2.33981e+243,1,-8.49089e+238
0.562,2.84692e+243,1,2.25498e+240
0.563,-1.06858e+244,1,5.09965e+240
0.564,-4.1273e+244,1,-5.59127e+240
0.565,-7.68409e+243,1,-4.68587e+241
0.566,2.73476e+245,1,-5.44959e+241
0.567,6.00178e+245,1,2.19034e+242
0.568,-7.14629e+245,1,8.18993e+242
0.569,-5.62787e+246,1,1.03546e+242
0.57,-6.24352e+246,1,-5.52443e+243
0.571,2.69093e+247,1,-1.17624e+244
0.572,9.7457e+247,1,1.51587e+244
0.573,6.40758e+246,1,1.12601e+245
0.574,-6.69202e+248,1,1.18895e+245
0.575,-1.38191e+249,1,-5.50425e+245
0.576,1.92203e+249,1,-1.93178e+246
0.577,1.35108e+250,1,-7.82008e+243
0.578,1.35442e+250,1,1.3503e+247
0.579,-6.74872e+250,1,2.70337e+247
0.58,-2.29622e+251,1,-4.04806e+247
0.581,1.34914e+250,1,-2.70062e+248
0.582,1.63385e+252,1,-2.56301e+248
0.583,3.17002e+252,1,1.37781e+249
0.584,-5.09999e+252,1,4.54645e+249
0.585,-3.23736e+253,1,-5.58085e+248
0.586,-2.89927e+253,1,-3.29311e+250
0.587,1.68623e+254,1,-6.18909e+250
0.588,5.398e+254,1,1.06794e+251
0.589,-1.01504e+254,1,6.46487e+251
0.59,-3.98032e+255,1,5.44336e+251
0.591,-7.24236e+255,1,-3.43653e+252
0.592,1.33841e+256,1,-1.06755e+253
0.593,7.74234e+256,1,2.7193e+252
0.594,6.10302e+256,1,8.014e+253
0.595,-4.19871e+257,1,1.4109e+254
0.596,-1.26599e+258,1,-2.78922e+254
0.597,4.08806e+257,1,-1.54464e+255
0.598,9.67621e+258,1,-1.13428e+255
0.599,1.64722e+259,1,8.54306e+255
0.6,-3.48026e+259,1,2.50068e+256
0.601,-1.84808e+260,1,-9.82085e+255
0.602,-1.25698e+260,1,-1.94619e+257
0.603,1.04214e+261,1,-3.20123e+257
0.604,2.96184e+261,1,7.22341e+257
0.605,-1.37517e+261,1,3.68346e+258
0.606,-2.34745e+262,1,2.30461e+258
0.607,-3.72787e+262,1,-2.11722e+259
0.608,8.9792e+262,1,-5.84298e+259
0.609,4.40281e+263,1,3.14206e+259
0.61,2.51317e+263,1,4.7167e+260
0.611,-2.57896e+264,1,7.22516e+260
0.612,-6.91147e+264,1,-1.85716e+261
0.613,4.23842e+264,1,-8.76678e+261
0.614,5.68349e+265,1,-4.51959e+261
0.615,8.38956e+265,1,5.23198e+262
0.616,-2.30107e+266,1,1.36163e+263
0.617,-1.04686e+267,1,-9.40803e+262
0.618,-4.81327e+266,1,-1.14084e+264
0.619,6.36421e+267,1,-1.62103e+264
0.62,1.6084e+268,1,4.7448e+264
0.621,-1.24009e+268,1,2.08241e+265
0.622,-1.37333e+269,1,8.40237e+264
0.623,-1.8761e+269,1,-1.28939e+266
0.624,5.86211e+269,1,-3.1642e+266
0.625,2.48414e+270,1,2.70108e+266
0.626,8.61011e+269,1,2.75398e+267
0.627,-1.56637e+271,1,3.61224e+267
0.628,-3.73215e+271,1,-1.20551e+268
0.629,3.50465e+271,1,-4.93646e+268
0.63,3.31199e+272,1,-1.42687e+268
0.631,4.1648e+272,1,3.16945e+269
0.632,-1.4856e+273,1,7.33108e+269
0.633,-5.88276e+273,1,-7.5323e+269
0.634,-1.3575e+273,1,-6.63524e+270
0.635,3.84553e+274,1,-7.98611e+270
0.636,8.63335e+274,1,3.04772e+271
0.637,-9.6616e+274,1,1.1678e+272
0.638,-7.97201e+275,1,2.00475e+271
0.639,-9.16688e+275,1,-7.77174e+272
0.64,3.74727e+276,1,-1.69308e+273
0.641,1.3902e+277,1,2.05588e+273
0.642,1.55286e+276,1,1.59559e+274
0.643,-9.41838e+277,1,1.74928e+274
0.644,-1.99046e+278,1,-7.67086e+274
0.645,2.61404e+278,1,-2.75678e+275
0.646,1.91521e+279,1,-1.39981e+274
0.647,1.99729e+279,1,1.90123e+276
0.648,-9.41208e+279,1,3.89661e+276
0.649,-3.27823e+280,1,-5.51937e+276
0.65,3.66638e+278,1,-3.82962e+277
0.651,2.30143e+281,1,-3.78913e+277
0.652,4.57261e+281,1,1.9229e+278
0.653,-6.96937e+281,1,6.49359e+278
0.654,-4.59239e+282,1,-4.82278e+277
0.655,-4.29843e+282,1,-4.64057e+279
0.656,2.35493e+283,1,-8.93437e+279
0.657,7.71319e+283,1,1.46239e+280
0.658,-1.06884e+283,1,9.17412e+280
0.659,-5.61125e+284,1,8.0961e+280
0.66,-1.04633e+285,1,-4.80245e+281
0.661,1.83619e+285,1,-1.5261e+282
0.662,1.09909e+286,1,3.11618e+281
0.663,9.11022e+285,1,1.13022e+283
0.664,-5.87123e+286,1,2.04012e+283
0.665,-1.8106e+287,1,-3.83315e+283
0.666,4.91097e+286,1,-2.19354e+284
0.667,1.36518e+288,1,-1.70025e+284
0.668,2.38397e+288,1,1.19533e+285
0.669,-4.79039e+288,1,3.5781e+285
0.67,-2.62542e+289,1,-1.21587e+285
0.671,-1.89327e+289,1,-2.74688e+286
0.672,1.45899e+290,1,-4.63741e+286
0.673,4.23998e+290,1,9.95716e+286
0.674,-1.73855e+290,1,5.2347e+287
0.675,-3.3145e+291,1,3.49091e+287
0.676,-5.40573e+291,1,-2.96576e+288
0.677,1.23942e+292,1,-8.36853e+288
0.678,6.2593e+292,1,4.03408e+288
0.679,3.8326e+292,1,6.66231e+289
0.68,-3.61451e+293,1,1.04882e+290
0.681,-9.90384e+293,1,-2.56673e+290
0.682,5.50646e+293,1,-1.2468e+291
0.683,8.0309e+294,1,-6.94907e+290
0.684,1.21923e+295,1,7.33669e+291
0.685,-3.184e+295,1,1.95217e+292
0.686,-1.48938e+296,1,-1.23379e+292
0.687,-7.4762e+295,1,-1.61264e+293
0.688,8.92895e+296,1,-2.35864e+293
0.689,2.30719e+297,1,6.57267e+293
0.69,-1.63872e+297,1,2.9638e+294
0.691,-1.94199e+298,1,1.32212e+294
0.692,-2.73332e+298,1,-1.80991e+295
0.693,8.12887e+298,1,-4.54141e+295
0.694,3.53692e+299,1,3.592e+295
0.695,1.37819e+299,1,3.89576e+296
0.696,-2.19978e+300,1,5.27006e+296
0.697,-5.35961e+300,1,-1.6733e+297
0.698,4.68554e+300,1,-7.03124e+297
0.699,4.68683e+301,1,-2.33866e+297
0.7,6.08534e+301,1,4.4532e+298
0.701,-2.06399e+302,1,1.05341e+299
0.702,-8.38238e+302,1,-1.01164e+299
0.703,-2.30417e+302,1,-9.39301e+299
0.704,5.40562e+303,1,-1.16878e+300
0.705,1.24129e+304,1,4.23801e+300
0.706,-1.30276e+304,1,1.66467e+301
0.707,-1.12894e+305,1,3.60242e+300
0.708,-1.34396e+305,1,-1.09296e+302
0.709,5.21512e+305,1,-2.43583e+302
0.71,1.98249e+306,1,2.78173e+302
0.711,3.11463e+305,1,2.26038e+303
0.712,-1.32511e+307,1,2.56958e+303
0.713,-2.86554e+307,1,-1.06841e+304
0.714,3.5478e+307,1,-3.93288e+304
0.715,inf,1,-3.81148e+303
0.716,inf,1,inf
0.717,-inf,1,nan
0.718,nan,1,nan
0.719,nan,1,nan
0.72,nan,1,nan
0.721,nan,1,nan
0.722,nan,1,nan
0.723,nan,1,nan
0.724,nan,1,nan
0.725,nan,1,nan
0.726,nan,1,nan
0.727,nan,1,nan
0.728,nan,1,nan
0.729,nan,1,nan
0.73,nan,1,nan
0.731,nan,1,nan
0.732,nan,1,nan
0.733,nan,1,nan
0.734,nan,1,nan
0.735,nan,1,nan
0.736,nan,1,nan
0.737,nan,1,nan
0.738,nan,1,nan
0.739,nan,1,nan
0.74,nan,1,nan
0.741,nan,1,nan
0.742,nan,1,nan
0.743,nan,1,nan
0.744,nan,1,nan
0.745,nan,1,nan
0.746,nan,1,nan
0.747,nan,1,nan
0.748,nan,1,nan
0.749,nan,1,nan
0.75,nan,1,nan
0.751,nan,1,nan
0.752,nan,1,nan
0.753,nan,1,nan
0.754,nan,1,nan
0.755,nan,1,nan
0.756,nan,1,nan
0.757,nan,1,nan
0.758,nan,1,nan
0.759,nan,1,nan
0.76,nan,1,nan
0.761,nan,1,nan
0.762,nan,1,nan
0.763,nan,1,nan
0.764,nan,1,nan
0.765,nan,1,nan
0.766,nan,1,nan
0.767,nan,1,nan
0.768,nan,1,nan
0.769,nan,1,nan
0.77,nan,1,nan
0.771,nan,1,nan
0.772,nan,1,nan
0.773,nan,1,nan
0.774,nan,1,nan
0.775,nan,1,nan
0.776,nan,1,nan
0.777,nan,1,nan
0.778,nan,1,nan
0.779,nan,1,nan
0.78,nan,1,nan
0.781,nan,1,nan
0.782,nan,1,nan
0.783,nan,1,nan
0.784,nan,1,nan
0.785,nan,1,nan
0.786,nan,1,nan
0.787,nan,1,nan
0.788,nan,1,nan
0.789,nan,1,nan
0.79,nan,1,nan
0.791,nan,1,nan
0.792,nan,1,nan
0.793,nan,1,nan
0.794,nan,1,nan
0.795,nan,1,nan
0.796,nan,1,nan
0.797,nan,1,nan
0.798,nan,1,nan
0.799,nan,1,nan
0.8,nan,1,nan
0.801,nan,1,nan
0.802,nan,1,nan
0.803,nan,1,nan
0.804,nan,1,nan
0.805,nan,1,nan
0.806,nan,1,nan
0.807,nan,1,nan
0.808,nan,1,nan
0.809,nan,1,nan
0.81,nan,1,nan
0.811,nan,1,nan
0.812,nan,1,nan
0.813,nan,1,nan
0.814,nan,1,nan
0.815,nan,1,nan
0.816,nan,1,nan
0.817,nan,1,nan
0.818,nan,1,nan
0.819,nan,1,nan
0.82,nan,1,nan
0.821,nan,1,nan
0.822,nan,1,nan
0.823,nan,1,nan
0.824,nan,1,nan
0.825,nan,1,nan
0.826,nan,1,nan
0.827,nan,1,nan
0.828,nan,1,nan
0.829,nan,1,nan
0.83,nan,1,nan
0.831,nan,1,nan
0.832,nan,1,nan
0.833,nan,1,nan
0.834,nan,1,nan
0.835,nan,1,nan
0.836,nan,1,nan
0.837,nan,1,nan
0.838,nan,1,nan
0.839,nan,1,nan
0.84,nan,1,nan
0.841,nan,1,nan
0.842,nan,1,nan
0.843,nan,1,nan
0.844,nan,1,nan
0.845,nan,1,nan
0.846,nan,1,nan
0.847,nan,1,nan
0.848,nan,1,nan
0.849,nan,1,nan
0.85,nan,1,nan
0.851,nan,1,nan
0.852,nan,1,nan
0.853,nan,1,nan
0.854,nan,1,nan
0.855,nan,1,nan
0.856,nan,1,nan
0.857,nan,1,nan
0.858,nan,1,nan
0.859,nan,1,nan
0.86,nan,1,nan
0.861,nan,1,nan
0.862,nan,1,nan
0.863,nan,1,nan
0.864,nan,1,nan
0.865,nan,1,nan
0.866,nan,1,nan
0.867,nan,1,nan
0.868,nan,1,nan
0.869,nan,1,nan
0.87,nan,1,nan
0.871,nan,1,nan
0.872,nan,1,nan
0.873,nan,1,nan
0.874,nan,1,nan
0.875,nan,1,nan
0.876,nan,1,nan
0.877,nan,1,nan
0.878,nan,1,nan
0.879,nan,1,nan
0.88,nan,1,nan
0.881,nan,1,nan
0.882,nan,1,nan
0.883,nan,1,nan
0.884,nan,1,nan
0.885,nan,1,nan
0.886,nan,1,nan
0.887,nan,1,nan
0.888,nan,1,nan
0.889,nan,1,nan
0.89,nan,1,nan
0.891,nan,1,nan
0.892,nan,1,nan
0.893,nan,1,nan
0.894,nan,1,nan
0.895,nan,1,nan
0.896,nan,1,nan
0.897,nan,1,nan
0.898,nan,1,nan
0.899,nan,1,nan
0.9,nan,1,nan
0.901,nan,1,nan
0.902,nan,1,nan
0.903,nan,1,nan
0.904,nan,1,nan
0.905,nan,1,nan
0.906,nan,1,nan
0.907,nan,1,nan
0.908,nan,1,nan
0.909,nan,1,nan
0.91,nan,1,nan
0.911,nan,1,nan
0.912,nan,1,nan
0.913,nan,1,nan
0.914,nan,1,nan
0.915,nan,1,nan
0.916,nan,1,nan
0.917,nan,1,nan
0.918,nan,1,nan
0.919,nan,1,nan
0.92,nan,1,nan
0.921,nan,1,nan
0.922,nan,1,nan
0.923,nan,1,nan
0.924,nan,1,nan
0.925,nan,1,nan
0.926,nan,1,nan
0.927,nan,1,nan
0.928,nan,1,nan
0.929,nan,1,nan
0.93,nan,1,nan
0.931,nan,1,nan
0.932,nan,1,nan
0.933,nan,1,nan
0.934,nan,1,nan
0.935,nan,1,nan
0.936,nan,1,nan
0.937,nan,1,nan
0.938,nan,1,nan
0.939,nan,1,nan
0.94,nan,1,nan
0.941,nan,1,nan
0.942,nan,1,nan
0.943,nan,1,nan
0.944,nan,1,nan
0.945,nan,1,nan
0.946,nan,1,nan
0.947,nan,1,nan
0.948,nan,1,nan
0.949,nan,1,nan
0.95,nan,1,nan
0.951,nan,1,nan
0.952,nan,1,nan
0.953,nan,1,nan
0.954,nan,1,nan
0.955,nan,1,nan
0.956,nan,1,nan
0.957,nan,1,nan
0.958,nan,1,nan
0.959,nan,1,nan
0.96,nan,1,nan
0.961,nan,1,nan
0.962,nan,1,nan
0.963,nan,1,nan
0.964,nan,1,nan
0.965,nan,1,nan
0.966,nan,1,nan
0.967,nan,1,nan
0.968,nan,1,nan
0.969,nan,1,nan
0.97,nan,1,nan
0.971,nan,1,nan
0.972,nan,1,nan
0.973,nan,1,nan
0.974,nan,1,nan
0.975,nan,1,nan
0.976,nan,1,nan
0.977,nan,1,nan
0.978,nan,1,nan
0.979,nan,1,nan
0.98,nan,1,nan
0.981,nan,1,nan
0.982,nan,1,nan
0.983,nan,1,nan
0.984,nan,1,nan
0.985,nan,1,nan
0.986,nan,1,nan
0.987,nan,1,nan
0.988,nan,1,nan
0.989,nan,1,nan
0.99,nan,1,nan
0.991,nan,1,nan
0.992,nan,1,nan
0.993,nan,1,nan
0.994,nan,1,nan
0.995,nan,1,nan
0.996,nan,1,nan
0.997,nan,1,nan
0.998,nan,1,nan
0.999,nan,1,nan
